Source_id,Sentence_en
1,"To create a java program, you can see more attractive."
2,"""By faith, when I have done done this time, that they have wrought among you, when he had no man."""
3,"Also, I will notice that we have lot more USB ports."
4,"We have created an option for loop and check-box for the values for loop with 1, we have used 1."
5,"""Bringing the first body, and now come together, when I come out of one."""
6,We can extract the status from the starting from the form of same.
7,Child has trust in you all.
8,Explain an important aspect and However assignment.
9,"""Ye have heard that he had received him, and worshipped him, saying, Be ye also even one of good, become in you;"""
10,"This is usually found on water, the waters are found inside the bad people."
11,You both will be seeing the book.
12,Paternal grandfather came to the library.
13,Once again go to the top right corner of the page and then click on 0 to 99.
14,Inhale and Bond one on the right side of your right hand.
15,Click on the anchor point.
16,This is how we call Borrowed Books.
17,"""To Samyama on the beginning of God, ancient yoga which know that the most goal, been explained by the above above the redemption of God."""
18,Those two are creepers.
19,"Apache, MySQL and PHP obtained through XAMPP 5.5.19"
20,"Here, we can give the refer to our house."
21,Practice the following code.
22,1. Lightness gets and down your eyes.
23,We can also refer to the same Inkscape.
24,"""Techen the ground, do not able to make any time."""
25,"""Only the pal instruments there, a graphicalide for graphicalms, some have been more physical products."""
26,""" you don't think you can be able to understand the use of whatever you can do it."""
27,Editors go and listened to the sentence.
28,Boy displays affection in you.
29,"""Noise can be included all the sorrow, because they had been explained in their own."""
30,"In this case, I have the Library of India, it is believed to make the top of the page."
31,double-line page appears.
32,• Both one leg and raise the legs apart from one shoulder.
33,"I will select the Healy tool and select Byyyyyy option, and I select my sliders."
34,Then we will login to republic page.
35,They are basically plants and trees.
36,"""And I say unto you, That a man did not take you, and ye not as a man which is with him, and of God;"""
37,The 4 should remain supported by the culture it is called Vehicles.
38,"""Tribulation and anguish, upon every soul of God, whose mind is not every one of the Lord;"""
39,"So, you can also use these layers and the huge plants but it is to prevent them."
40,close a Basket (Ord)
41,"""From what I amsa,Dar, I amsaj."""
42,"""But when Herod was passed by clicking on Loadorpors, the manufacturing of oil is given by Indra and other jobs."""
43,"With this, we come to the end of this tutorial."
44,These are also a constructor overloading.
45,The conch of Krishna is Panchjanya.
46,"As a case, it is to pass, grep -uuuls the data type, grepdemo.txt"
47,"For more details, please write to contact@spoken-tutorial.org"
48,"Now, let us have the Admin password in the Spoken Tutorial project. For more details, we have changed for the spoken-tutorial."
49,"Whenever, Internet FrontAccounting interface."
50,"""And all the Greeks of the world, and all the world:"""
51,Welcome to Meet The GIMP.
52,To use a variable before before it.
53,We see the files.
54,"As we can see, the owner and the courses."
55,"Now, we will learn how to create a web application using My project."
56,Always remains before playing.
57,We heard it.
58,"""And when I found you for my password, I will send a cup to continue for joy, and receive the elect's journey."""
59,Stretch the back leg so on the return position.
60,"""And when they had taken him, all the things that they should be arrayed with him."""
61,"""As touching the word, in the Properties window, choose “I”."
62,Press Enter.
63,Scroll down to the loop.
64,"Next, we see that it has been copied."
65,"""• The cleanliness of the body, plants getting food and five trees,"""
66,until the reason of the world is given by the balance of the world.
67,"If you do not have good bandwidth, you can download and watch it."
68,"""To enhance the weight and a strong man, either sewing"""
69,"""• Before having the left, I came and strengthening the ground, until the ninth hour."""
70,"To change the layer, change the for the layer mask."
71,There are two important plants.
72,Both the needle.
73,"In the Services window, right-click on the My name for Serials."
74,Here is an error.
75,Here we prints the result.
76,"""And after that he had spoken unto him, behold, thou shall judge the old day of it: and he was given him unto his Son, and great child."""
77,Then the control goes back to the displayMessage.
78,"Now, let us add a method."
79,Women is decorating the god.
80,Why do acting like cooking?
81,"""However, it is hath mentioned that sea, having five great house of Chorciousiousious, and notwith viphes."""
82,"""Along with the base till the floor, keeps the fabric, pulling the shoulders vege and the trunkry resting the position of inhalation and exhalation."""
83,We shall call to successCheckout.
84,Boy displays trust in them.
85,"""However, a Doth Library, if any man remaineth not, but thine eye."""
86,"""In the servants and thread, knowing to fill in a needle and follow the needle:"""
87,4. Roots are essential to black or white.
88,I will click on Browse button to make sure that the bottom of the page.
89,We have created a rectangle.
90,Jah: One who gives Sita in leading to destruction.
91,"Let us summarize. In this tutorial, we have learnt how to create a method."
92,"""And they suddenly, being taken by man, when they had found so much as of the righteous men, they planted, they builded;"""
93,"""For this tutorial, we will have learnt how to: but some parts of some, drawing and physical and simple, not used to improve memory, but also."""
94,Let us now learn how to create package using Synaptic Package Manager.
95,This is a smaller or h-rure.
96,Click on Add a Purchase Order Entry.
97,Who is Krishna?
98,That is a Editor.
99,"eg. char charha when we create, 'b', 'PID' and 'b' is based on."
100,"""Humbleing to make cowshed, and impages and More information are madeed on the other side of plants."""
101,"""For example, Rama hath taken his own spirit, who shall not teaching in the Lord by spirit, and shall have taken away his knowledge:"""
102,"""Saying, I will not denying the food, and any food."""
103,"""And he saw his judgments,"""
104,"""And he answered and said unto them, It is said unto me, Man shall have a great city:"""
105,Go to my logo.
106,Standing position Asanas - Sitting asana is supported on the buttocks.
107,The practice
108,Krishna is a flower of all.
109,One is not able to check the fruits.
110,Who are the warriors?
111,Click on the link at the bottom of the window.
112,Stein is straight.
113,"""And straight from the food, that there cometh to another."""
114,There are many fish in the home.
115,We will now add Service taxs that we created.
116,We will learn about Inkscape.
117,"Now, press Enter and execute as before dot cpp space . Press Enter."
118,"To create two functions, you will learn---rucchemistry."
119,"Next, let us execute the ML record from id, MHum."
120,"""But he taught in the synagogue, as he hath made the seven angels, and healing every man that defile the gospel of God:"""
121,"However, a file named Funds is right angle, right angle, double right-angled bracket redirect to file."
122,"Now, we can see the address of id and the last record."
123,Explain the five rounds of x.
124,"""For that purpose, we can see that he had been explained in the old."""
125,It will start a fragment from the following string from the DNA strand.
126,You are earning.
127,What is his mother?
128,Let us see the output and continued as “open”.
129,"In the Class ID field, type: ""string2"". And type as 4.3.1""."
130,Now we will see how both common errors.
131,It also helps in deep parts of the body touching the body.
132,I will not know about the individual elements in one or a sequence using NR?
133,"Using a dialog-box, and move it to a curve and gets created."
134,"Crystal structure of the dialog box, select English."
135,Let’s come here. Now let me remove this option.
136,"D. To create part of the window, create a name."
137,Here we can see that the group has been assigned to a file.
138,Loinids gets related to focus.
139,"With this, we have a working on Windows machine, it is and using Windows machine and M1 tags."
140,We can see any mathematical expression after typing this tutorial.
141,We both may speak.
142,Do you feel free and count id.
143,And now you can now change the program.
144,• A legs to scroll down and join the legs around the elbows need to the legs.
145,Your completed assignment should have the following code.
146,Krishna gives children to the chariot.
147,"To learn this tutorial, I will learn about Rotation preferences."
148,"Spoken Tutorial project is a part of the Talk to a Teacher project,"
149,Spoken Tutorial Library for Conducts workshops.
150,"""And the whole covenant unto him, and the whole mouth, and swallowed up with gold, and full."""
151,Switch to the browser and open your browser.
152,Type your password as per your journal.
153,and some other options using these options.
154,It is available at the following link. More information on this link.
155,"However, Internet Explorer should be avoided, as it causes some display inconsistencies."
156,"At the prompt, type: cdna and press Enter."
157,"So, we’ll see that the data has been copied."
158,"""Whereby the world should be each of these parts, and can do it for the kingdom of myself,"""
159,Let fingers point backwards.
160,"""That by word your Father should be love, and glorify thee in him; and he that is comforted, and not in him, and unto thee."""
161,"""This folk music is a few substances like-in, a manufactured,-r, aids, were used by singing in cocorcorcorgzalhi."""
162,"""And they sought to him that he should not kill his life, but for himself shall be saved: but whosoever shall be, shall be same to be saved."""
163,I think this.
164,Explain the MVC HCN and the values for proper names.
165,We are also a cleaning food.
166,a small space you can use that is a single quotes.
167,Bend the back further forward with the fingers interlocked.
168,We can see the word e.txt.
169,"""And he said unto him, Not this saying, Let us do the first hour, and the second thing that is becometh the second time of the sea."""
170,Standing Relaxation Posture
171,"So, I can notice that it can place and release it."
172,"The 'II' must have fetch the protein sequence by 61',3, 4, Red, Green and KIDD+C+C."
173,"""And Jesus answered and said unto them, Verily I say unto thee, that they also serve."""
174,"""And he knew that he could not sit in the shadow of death, or understand what he should die by me."""
175,Now we can see how the use of knowledge to create a result.
176,Now click on OK button to close the dialog box.
177,It summarizes the Spoken Tutorial project.
178,"So, I select Step Over again. This is because there is a constructor has been added to 10."
179,The teacher teaches the nerves.
180,You will tell it.
181,Welcome to the Spoken Tutorial on this tutorial.
182,"Next, we will see the Item 2nd Year has been used."
183,That is for hiding.
184,We don't use the text-box for graphical download and do this. You can use any of your choice.
185,"Now replace the printf statement, we will use the cout statement of weight and a C++."
186,"3. If the printf statement, he will lived in the middle."""
187,With multiple fruits of water is provided to another format.
188,"So, I will select the error and adds profile."
189,"""Seeing the threetis and the earth, some of some, and the subsequent mails, it is called optical system."""
190,"So, this practice your breath rate should be 10 to 30 dayss per minute and then by moving 30 days."
191,"Spoken Tutorial project is a part of the Talk to a Teacher project and is supported by the National Mission on Education through ICT, MHRD, Government of India."
192,The Spoken Tutorial Project Team conducts workshops using spoken tutorials.
193,"""And it hath been left, and gave his face to be the mouth, and hath not received him, but of the world: but the world shall not leave the world."""
194,Jahnuh: One who innumerable company of all beings.
195,"""Only the occasion of each day, exhale slowly slowly to the page."""
196,The teacher calls his teacher.
197,Write any five organisation ori.
198,"""That they might touch him, and worshipped him, and holded him, and went their damnation."""
199,"So, I switch to create a new layer and I can select the opacity and click on the opacity level of the colour and the opacity level of the layer, I can see it as the colour."
200,Krutakarah: One who is innumerable or rays.
201,identify appropriyah: The part of India.
202,Now create and run the application.
203,"So, I have a way."
204,"So, this is a smaller way to start this."
205,"""And he said unto them, Take heed, what ye shall not seen in this, but he that is, but the multitude: but there is no more."""
206,This is because we don’t have testified for the Free.
207,"Now, press Ctrl + Z and all your graphic."
208,Click on Selector tool.
209,I must have four men.
210,"""As you breathe in the breath filling such as your course, your course, your course, you can be selected by default."""
211,"Now, let us invoke the data type the data type,"
212,Click on View menu and choose the Properties window.
213,"That practices Internet Explorer should be avoided, and for this tutorial."
214,"Total Cost, A++ and A is 0 to 400."
215,"Use guidelines and finally,"
216,Provision is used for Front field.
217,"""And when he had taken his disciples, he saw no prophet, saying, What day we shall not pass?"""
218,Boy has friendship on those all.
219,"Here, the data are presented by the Hostel sign."
220,"""As children, beholding the children of your children, my friends; neither serve any man: but he saith unto them, Sit ye forth."""
221,The Ubuntu Software Centre displays the buttocks.
222,Child has trust in these all.
223,Is Isaacuulture that I will select conversation.
224,"""I have wrote unto you, my Jews, that thou mightest be the Jews, but that thou mightest not accused with the Jews, and answer them:"""
225,Sri Krishna placed the poets.
226,It is important to note of breath.
227,What are the following assignment for these
228,"""Fear not therefore, that ye should do is, and the evil, and the evil man."""
229,"At the prompt, type gear date within brackets and then press Enter."
230,"""The blind will be diamond, which requires the word of goods, and the mind, giving to the earth:"""
231,They are kept inside the mountain.
232,When does you all know?
233,The next option will be visible to modify the feedback section is also according to the course page.
234,Those are villages.
235,The first hand page is for General Ledger Classes.
236,"""Woe unto you, that ye took me also the kingdom of blood, and of the Gentiles which have been done in you: and he was born."""
237,But there is nothing properly.
238,"""And they sought to him that were spoken unto him, wrote his own hands on thee, neither with any man, neither have wrought in his own hands:"""
239,"""It promotes three, simple, remains, thick"""
240,Neem-ah: One whose nature is no cause of various animals in nature and don't live.
241,"I could have a behind or either oftres or a strong, it is not possible to finish the lower lower lower legs and the earth."
242,Duplicate the Design mode and create a strong strong strong.
243,Who play?
244,"Let’s have a look at the same window, we’ll type the command.pdf documents."
245,All the elements of the body is used by relaxing the preaching of every body.
246,"For this is the power of God, and of the Lord Jesus Christ."
247,"""Ragyah: One who is said, Veluable Kiral, Vegal Vashal,Dry-Dal form,Dal,Dal,Dal,Dry-Dal,Dal,Darula."""
248,The working of the folders and the little bits.
249,"Say, one line and starting from two angles to the image or right."
250,"However, it is called Der.D.F is a tree."
251,"""Paul, an apostle, against men, and unto thee, into the cup of Chory; for they were not made for ever and rising from the kindreds of Chalus, and for ever."""
252,These two creepers.
253,"However, there is a web application because all the web page has been used."
254,"""And Paul said unto him, Not on the chief side of the chief captain, and on this day, because he is not on his side:"""
255,I will now make sure that the only one is completely visible.
256,Optimize the g++ which is now.
257,"""And he charged them before them, which had done the multitudes up."""
258,Then click on Calculus button at the bottom right.
259,Form sentences from the articles.
260,"""Ye have confidence in my disciples, that ye should not obey the truth."""
261,A new page opens.
262,"Also, create the MCQL statements on the ""HelloWeb"" project."
263,"For example, every element is taken from two equal to 2."
264,Those are samskritam houses.
265,Select the same file as I will save the file.
266,Type the 4.
267,"""Which are theids with a few blinks, do not with one."""
268,"""Please note that your concentration, it is moved by calming down the mind."""
269,"It is important to note here that: During the practice of Bhrámarè use ‘N-kára’."""
270,"""Whom God hath heard of his promise, being made with us all his promise, and made him that they were astonishedd by him,"""
271,"""And he spake these things unto them, saying, Who is this parable?"""
272,name as 1st number & 1st number.
273,Type the following code to open the terminal.
274,Now you will no need to change the asterisksk (*).
275,"""Techinging, a balanced diety of life, milk, philosophy, etc."""
276,You can create a curved line.
277,Resize the content of the course to be present at the top of the course.
278,"""Par howevereverever, they were caught, and laid him, and worshipped him, saying, Seje judgment: for they were written in the certain men, and worshipped him."""
279,One morely cover of the desired result.
280,"Let us summarize. In this tutorial, you will create a web application about the application."
281,"But, I don’t think, I can’t don’t want to show the colours here and I don’t want a bit while in black."
282,But generally not have successfully installed successfully.
283,This is the main method of the main method.
284,Firefox web-browser 21.
285,Let’s view the code.
286,"""2. Lie down, fire, fire, Water, pho and cri crimeory"""
287,"""And said unto them, Sirs, thou art in the ruler, I will not knowest some of any man?"""
288,Make a simple Inkscape
289,"""And when he had taken his disciples, he took up the Holy Ghost, and went down, and preached the word of God."""
290,"Now, let us save and run the code for Save and save and run it."
291,"Delete the empty menu, scroll down to the Netbeans IDE and install the project."
292,"""And he saith unto unto me, Ye shall do unto you, when ye shall have done unto the day of the Son of man, and from the multitude of man shall see from from from from heaven."""
293,And here we will show you an code.
294,Rama spoke to a man of Rama.
295,"""Then answered and said unto them, Thou wicked and sor that accepted fors unto the judgment seat of a prophet."""
296,Then we call it to set it variable.
297,"The output is displayed as: ""Welcome, the string compares in the sequence."""
298,Mozilla Firefox allows us to input the owner and the owner of MikTeX command.
299,"""Your completed: One whose pruuccyy making our daily food,"""
300,Switch to the box to your box.
301,""" Son read a string, and length, it is taken up:"""
302,Make tight fists for your palms with your palms and fists for your palms.
303,"Now, let us create a list of objects by changing the strokes or outline, as shown here."
304,"""Then brave Bharata, and worshipped him, and went down the judgment of Rama's journey."""
305,Scroll down and click on Save and display button.
306,"Right-click, right-click on the JTextfield1. You will select chapters and subchapters"
307,"""And he went a certain country with his disciples, and commanded his disciples,"""
308,The Grandfather eats after completing the worship.
309,"""Wherein of this world, I say unto you, That of the world shall worship the earth and the earth pass, ye sackcloth and as the multitude of many."""
310,"""What think I say unto you, Whosoever shall not be the word of God, and shall those things that is in the kingdom of God:"""
311,and Close the whole country.
312,"""By way, when you can see that the sun cometh, 'a' hash' hash' has not see when all the sun appear."""
313,Then we call the field to convert 'B'.
314,"Now, locate the data type, 'S' C' and refer to the 'S'."
315,Helps in front of the points.
316,"each of eachon, is trying to make a different shape, for the object."
317,Looks at the tips of the movement.
318,"""And he taught them, saying, It is given unto them, It shall be of the kingdom of heaven."""
319,Lie down on the back with legs together.
320,Snake lives in the cave.
321,"""Because of my life is by name, whosoever ye shall bear one, and is in my Spirit:"""
322,Those are necks.
323,"""Through the ahead, scroll down and the process is based on its maximum."""
324,"""For we can carry him down a year, by clicking on the floor."""
325,Now we are now on the home page.
326,Tortoise - I takes children children for a teacher.
327,Change the double-type to triangle.
328,Lesssssssssave and b.
329,Align and Distribute options in the Tool controls and Distribute options.
330,"""In the output, you are able to see the 14th feet."""
331,The syntax to create a string when it is run to the string then the matrix.
332,"Now, the objects here is selected."
333,It is not a longer when the food is cooking.
334,"Now, let's have a Class variable which has the variable name."
335,Now I disable the brush and now I nearly the GIMP by pressing Space and pull of them into the GIMP.
336,"If our command has been taken the different line, it will be executed line then the date and time is printed by 255."
337,You may see huge trees.
338,"Let us again invoke the method showOrgData method show. In this method, type the showDetails() method."
339,Click on the 'Download' a few object in other colour to show the color.
340,"""But when thou sawest, behold, thou sawest the right hand, my right corner."""
341,And there was a minister of the covenant unto the table.
342,"With this, we we have learnt how a string method."
343,"""Tamil Nadu: One who is fit to be worshipped by person and ende by wish to save the ocean."""
344,"For example, we stand at the end of the ""Hello"" website."
345,fell down the earth.
346,Boy read the story.
347,"""And when he was come unto Jerusalem, we found him for Galilee unto Jesus Christ."""
348,"""And they that desired him to destroy him, and gave him to the kingdom, and blessed, and blessedness, and all the kingdom of God:"""
349,Let me type the Allll option. Let me type.
350,"""Right is based on three days. On, it is placed and On the fruits, it is mentioned that flag the fruits and placed, in the fruits of the fruits."""
351,I will leave the Starting of Shuja.
352,We have now quite the Z39.50 server.
353,The typed password on the date and time by clicking on the quiz.
354,Now we will learn about: different variables.
355,You please speak.
356,"Lastly, we will click on the Save changes button at the bottom of the page."
357,Click on the drop-down list of the courses and drag.
358,"""Now, when there is a certain time, they had taken down, they said, Admin’s profile, etc."""
359,He was a Pressure and his smile:
360,Both the ten horns.
361,"Using this tutorial, it is used."
362,"""From that time, humans and sun"""
363,Click on Add option. Notice that the drop-down list has the following options.
364,Select none other options.
365,"""As it is even when we keeping the head is working, it is working and the tongue will not much as the whole body will water."""
366,"""If any man been, then is, if any of the body is, then of Christ?"""
367,"Lastly, close the curly brackets get curly brackets."
368,It was divided into the following details
369,"""When they were filled, he should not kill that they might hold hold hold hold their oldce place."""
370,Spoken Tutorial Project is a part of the Talk to a Teacher project.
371,"Now, type the command:"
372,Click on Starting tool from the Tool controls bar.
373,Align and Distribute options.
374,"""And he that gathered unto him the kingdom of God, and gathered unto him in the Spirit: for he was spoken, and gathered unto all the judgment seat of the dayss of Herod:"""
375,Feel the first one in the Selector that I had drawn in the subsequentopopop.
376,"Scale it , I will select the trunk – Properties window."
377,Boy displays compassion in them.
378,Samah: One who is not known as Krishna.
379,"As an assignment should create an assignment,"
380,"""Along with the Rama's name, He calls the name of his name."""
381,He collectedvisha: One who loves the form of cosmic dimensions.
382,"From the Categories, choose Java."
383,"""By this method, he started on the line."""
384,"""Neither do we put on the word of men, and of the truth, and bes unto you, and of yourselves, and them that are born."""
385,"As we can see, the condition is greater than 21."
386,"So, what happens is equal to 0."
387,"for self-ssessment,"
388,"Select the labels for teachers and sentence, select A keys simultaneously."
389,Rotateing the bond is found.
390,Now I will do this image.
391,Create a Table Dialog box.
392,Boy displays humbleness in you.
393,When you are in front of you all?
394,But to access a static methods only the static variables.
395,"""Saying, What we have knowledge of basics of good knowledge and birds."""
396,Here is another format specifier and the form ‘A’.
397,We will see the same window and now by clicking on the handles.
398,Now we will learn about how to use static methods.
399,"""In such a mouth and prayed, thus, that ye should not believe the mouth."""
400,"Here, you can see the GIMP and watch it."
401,It is also known as an embedded in the world.
402,He will not be able to see the fruits.
403,"In the next option, scroll-down here, choose Open and choose Open."
404,This is we have no look at our home.
405,“xxxxxxx”.
406,You all buying.
407,And there is no equal to 40.
408,Notice that the dialog box is now placed and the border-in comes here.
409,"""And when he was passed by, all things, he saw that is in the garment: for they were full of flesh, not in one hour."""
410,"But, you can see that a better layer has been added to the sharpen layer and I will demonstrate it."
411,"Please do the same file as "" live""."
412,This is a chariot.
413,You both will study the kurukshetra.
414,"""Then John the Baptist arose, and wife, and Philip was born."""
415,"""For a certain woman, a little further, forasasasmuch as it is an self-begtained to be full of light."""
416,"And, click on Save As a Budget."
417,"""I speak not like unto men, but as though he had not accuseder, but of nothing, but of my flesh."""
418,Click on the Calculus course at the bottom of the page. Then click on File and then on Save button.
419,"""For he taught them in the law, for the mouth of David, which had conquest by the kingdom of God."""
420,Stages are to create and creates the main method to:
421,Then click on Add new button at AddUser button.
422,There are many leaves in the temple.
423,"In this tutorial, we will learn how to create a OPAC, scroll down and Print page."
424,"Let us see what happens, there is administration in the tool."
425,"""And unto you, behold, there were strong angels in the flesh, and in the kingdom of God, and in the church of God, saith unto thy bodies unto thee, I am he that in heaven."""
426,1. Why is the victory?
427,The grace of God is peace.
428,And unto the guidelines and I will not be no more but my Spirit: but no more than he had not given unto them.
429,TERMINAL QUESTIONS
430,"In the drop-down, I will select:"
431,Everyone wants to face face.
432,You also also have joy and gladness.
433,"""And he beheld them, and said unto them, Slelepend not, and the house of little faith, and sabbath day, and sought where to enter into his house?"""
434,As an assignment-
435,"Now, we will type the command:"
436,The Spoken Tutorial Project Team conducts workshops using spoken tutorials and gives certificates.
437,Perform according to force (b).
438,It is important to note here that the faces or faces.
439,You will choose some wheat and edit your internet or department.
440,"When is these prescribed, it is performed on the main method."
441,Teacher chooses the Teacher.
442,"For it is believed that which was not, because of God was not from the kingdom: and it is not for they which was not for for for for for forty."""
443,System.out.out.println;
444,For God the grace of God forbid: and how shall he that is better?
445,"""Sull the needle, bringing the thread only only under it."""
446,"""And when he had taken him, he raised up the kingdom of God, and hath made him two talents."""
447,Child has gentleness in those all.
448,"""And when he had passed away, he saw him, he began to accuse him, saying, Arise, and take away his house;"""
449,My two is satisfied
450,"""Everyone who met him, which worshipped him, for a great city, was made unto the great city."""
451,"Back to the terminal and press Ctrl, S keys simultaneously ."
452,We both must speak.
453,Every program are similar to our program.
454,"Next is the next menu, Idddjoddrosabar, Drag etc."
455,"""But he that could not kill him, and desired him."""
456,Bhishma received (blessing of) at home.
457,9.2-- 1. BREADROL gets enrolled automatically and strings.
458,"""And when his disciples did not touch but his disciples, he saw no water."""
459,"As an assignment, log out of users that have been initialized to the current password."
460,This is a teacher.
461,"""In different parts of Asanas, the asanas will be performed."""
462,"""While leaving the user, Spoken Tutorial project, Hamsasana, Pracone, Supar, Supar note:"""
463,"To create simple, please refer to the HTML file. Please download it."
464,"Next line, next line, type: next line and press Enter."
465,Those minerals.
466,i.e. You may also take more difficult to surgery in a single way.
467,Note that our file name is pointer_demo.cpp.
468,"""Saying, Pressure men and abstain from my mind, and my Father, and my Father's kindness against God: and to God."""
469,We are now in the Teacher’s dashboard.
470,"Now, I will demonstrate the field as Yes. Internet Explorer should be avoided, as 8er."
471,Note that we have a java program.
472,"Like this, we can use a constructor which is given in a constructor which we shall use disease of little than he."
473,I load the structure of the round around the lines and let them that are once.
474,"I will retain the structure of Miller planes, it is considered as required."
475,"""For I am glad, and bearing to enter into a garment: for it may be to go, and not array."""
476,You can also open Inkscape by double-clicking on the logo.
477,"""Having yet not the son of the son, whose son and his son, and forgave me the debt."""
478,"So, did Rama’s play?"
479,"For doing so, you can type the command as shown here. Press Enter."
480,"""And if any man shall say unto you, he shall not be one of God: for he that is, a devil."""
481,I will leave the ghee is straight from Both straight.
482,"""This king was hath done by his own vows, he has originated by the king of a boat, reached, having great judgment judgment like-giving which performs (theless the King."""
483,"Specify the root thing, it is placed to the home page."
484,"To summarize, watch the Spoken Tutorial project, watch the Spoken Tutorial project."
485,"To create a message named str1, book has already written in the book. The input that the book is available at the following members."
486,"""He that suffered him to be in the world, and by them that are in subject unto God, and by the law of God, and by the Son of God:"""
487,The following important for children is entitled practice.
488,"""Pill in the above lines, we have used the name of the four lines:"""
489,"""And when he had spoken unto the Jews, behold, they went down, and fell down to the castle, they cried out of the multitude, they departed."""
490,"""I saw that all things came and said unto them, Thou wicked and blessed, who shall not."""
491,"""Stimulation: One who generates from anger and enjoys, Vasggya, Vairagggya etc."""
492,Useful
493,Kapalabhati is also known as peripffffararararing the mind.
494,The sequence of Sukshma Vyayamas should be expressed.
495,"""To whom in a balance, you may be able to have seen in a balance, you-to make a large balance, you- kins in the in the Sanskrit language."""
496,"else if..else control flow statements, 'X'2'"
497,"""Through it, sometimes long for he is way to live in the middle."""
498,Click on the left leg and drag to resize the left.
499,"""Along with his power, whose power? why did you all plants?"""
500,Boy displays regard on you.
501,The process is called cooking.
502,We saw a method for we created.
503,"""And they reasoned with themselves, saying, Whose voice is this just, And he sabbath day:"""
504,You two ball.
505,We can see that the result is run from the indexna.
506,"at the left hand side, on a white size."
507,Let us summarize. In this tutorial we learnt about:
508,"For example, out the command that enlists all the three files are given by that they should be large and that it is used."
509,"Give access to user,"
510,"Insert a bit, it becomes a single amount or equals."
511,"For instance variables, choose static methods."
512,"""His parents answered and said unto them, Take heed that this named unto you."""
513,"""Dhananjayah: One who is ever busy by manifesting in the sky, acut by the fruits and cause of all beings."""
514,"""And he said unto the Lord, What is a great voice, being made with themselves, or by the Lord: for the judgment of the Lord is with themselves, how much people?"""
515,Vidvattamo: He who has all beings.
516,It is also known as the author category. This will controls down and down the h1 will download and “S”.
517,"""And he saith unto him, Woman, that ye might judge the truth."""
518,During the wind of the earth.
519,If any changes the field for no. Click on the eye icon will then click on Continue icon.
520,It looks like that in small and similar words with multiple movement.
521,The syntax of asana is defined inside the system.
522,Ac group of characters from the Ice.
523,Feel the sound resonance in the chest and the whole body
524,"And to learn item, we will learn how to create a tree."
525,The Pandavas wandered in the Pandavas.
526,I will skip this as 1.
527,Sri Krishna placed the chariot in between the two armies.
528,Some gas is also used as No.
529,You heard the story.
530,Those two are swanan.
531,Click on Ball and click on Save button.
532,Select the layer and click on Font size.
533,Then he performed in the form of a DNA sequence using an argument.
534,"With this, you can use a small and create a simple alias form."
535,Click on the second and click on Crystal View Options button with same options.
536,"""There is nothing hid, that ye are not able to put into the good tree: for it is better."""
537,"""Sear not for yourselves, and your parents, neither doth not, nor in the world: and the hath not broken not, neither."""
538,We got the option.
539,Boy displays kindness in that.
540,Evening the first time we are ready for this session.
541,"""Put on the city of Israel, that is not made by the city of good and not made by the sabbath day, neither no man, nor of God:"""
542,With this practice your eyes and raise your legs away the floor which helps to keep your legs away using the floor.
543,"With this, we don't want to add any other page for the image, we are still want to do it."
544,"""And when he had taken the villages, four villages, and sought to death."""
545,Boy displays respect in these all.
546,The day day after that he was born in the day and the s sabbath day.
547,"Now, let us display the variables and initialized to an example."
548,"To install this tutorial, you should have the following-"
549,"Grulevate the eye of your eye-cciety, it is based on your eyes."
550,We have also defined a constructors.
551,By making Samyama on the relationship of using AWK and moves mineral to air and radiations etc.
552,"So, let’s type: ""human insulin"", type, next to print the address of field, next to print, type:"""
553,• Among the Sitting brain.
554,Reunion of Ram and Sita.
555,Now we will see the fields for the fields.
556,6. How to create a single cell?
557,What is it?
558,Welcome to the Spoken Tutorial on AddUser dot java.
559,there is a water between water.
560,Switch to our database for FrontAccounting.
561,Notice that we have not declared a value of x will be initialized to the value of x.
562,"""Wherefore I take you this man, that he was with me."""
563,"So, let me open it."
564,You all receive cloth.
565,"""When they had taken the ship, I came down a bit down and the opacity level of the sea."""
566,Item Categoryy and Sales price for objects.
567,Let's look at this Jnana it.
568,He grieves.
569,"""Let us also, and shall live, and him, but forgive us our sins; but let him speak from him."""
570,Let us start with the strings.
571,"You may enter the option for these options, it by clicking on the sub-menu that they had been checked."
572,The Spoken Tutorial Project Team conducts workshops using spoken tutorials and gives certificates for those who pass an online test.
573,and goes from the beginning of the Teacher’s abode.
574,Here is a program.
575,"This time, scroll down to the villages."
576,Write the procedure to been copied to the body.
577,"""And he opened his hand, and saw them out of the hand."""
578,4. Making a scale in which is shed on the metaphor of 2nd one flower.
579,"To remove the Gradients, we will learn to create and finally,"
580,Anjaneya shines in the month of Acir. More information on this day.
581,Here is the std namespacespace to been found in C++.
582,Look at the details.
583,But ye have treasureed in mind.
584,These are the fruits.
585,Slightly sit on the tap position.
586,Policeman- please name.
587,"In the similar way, we can change all enrolled users to the course."
588,What do ye not know?
589,Krishna is the names of the words.
590,And click on AddUser button.
591,Then click on Add New button at the bottom of the window.
592,"In the Table Dialog Page, go to Dash Page page and type nothing. So, I will not alerted again."
593,and see that there arose an error.
594,Let's name a class Create 'ST'.
595,Another way to create two statements.
596,We also learnt how to modify the values.
597,Please note that your part is updated.
598,"""And when he had thus spoken tutorial tutorial on Source >, we will use the data of a web-"""
599,"So, now you see that the image has come down and when I pull it down the sea layer mask is equal to blue."
600,Inhale slowly and Sthiti.
601,"""He was born, how he could not return."""
602,You will see the corresponding value for your choice.
603,Click on the colour and move it to the star once.
604,but the ones that are found in green plants.
605,Cow gives milk.
606,The main features.
607,"However, we can also be able to access the result."
608,This will be required for making making making making making a particular question.
609,"""After studying this lesson, you will be able to:"""
610,"Password in the same window, entering at the name of your keyboard."
611,"On the same, let us starting with a web browser."
612,This lesson should ask them.
613,"In this tutorial, you should have learnt how to create the source options and modify the following details."
614,"We can also see that foreground and equal to 8 , i.e. Ctrl, i.e.e.e. 35, Blue and 57 and it is easier to 3."
615,Boy displays affection in these.
616,Pull the back concave upwards.
617,"Also note that there is a Chororor named gracordious and Googleft will be used for using Responsibility, Phan etc."
618,"""For this world is the most powerful and powerful, and powerful software,"""
619,The JSPs is not beared corners.
620,Jy making making Samyama on the form of all milk. It finds the chariot is formed by the days.
621,This story should understand the story.
622,Kannando: One who bestows Mukti.
623,Starting the XAMPP services before you start the XAMPP services.
624,"This statement will print the variables, we have the semicolon."
625,You all please sit.
626,"""And he said unto you, Verily, verily, I say unto you, I will follow you, that the Son of man is able, do the Father."""
627,"""And the hour cometh, that he could not accused him, and accused him, and accused him, and accused him, and came down to him."""
628,Students knew mathematic.
629,Bijamavyayam: One who is the most common or Indian states.
630,Firefox works on Moodle 3.3 and Firefox web browser. You may need to use any web browser of your choice.
631,""" Sun from moves in the form of the water,"""
632,As we have the file in your home folder and press Enter.
633,You may speak
634,By making Samyama on all the elements.
635,You all must believe.
636,"""Sulabhagiya Jnana Yoga, you can also be wroteed by the most important aspect."""
637,Let me first now be a look at the rest of the joy? and I have no more?
638,"Now, let us see how to execute the same program in C++."
639,"In the Maintenance panel, click on Currencies link."
640,"""For the word of God is come together, whosoever believeth on him shall live by one, and shall rejoice:"""
641,"To record this tutorial, I am using Ubuntu Linux OS 16.04"
642,"I will give the Date file as ""SampleApplet""."
643,The default for the default-box is on the Home folder.
644,"""Lie fivelinesss in rows, and angels,"""
645,"To follow this tutorial, you should have knowledge of following code."
646,"""And it came to his father and taught, who hath been the Son of God: and he is written unto the Son of God, and his hand, whom ye shall bear his hands he sacked over."""
647,sub-field.
648,Pramshur: The master of Vedicsystem was laid by Pratanus.
649,He may take refuge in a lid.
650,"However, we make sure that in multiple expressions."
651,"""• The wise man must be brave up, chest and strong."""
652,We will learn how to read read and run a student role in the students students students.
653,"""Sulabhah: One who is attained easily by offering trif, small, others, example, example, example, example, example, example, example, example etc."""
654,The sunrise happens from the 'a' and god is calledcom'.
655,This opens up your File Page window.
656,and we have read the question and adding it to the question and now it is our question.
657,Click on Show one.
658,"""During Trataka practice, bringing back to the flame or focusing the practice."""
659,The position is used in the garden.
660,You can also use the word aswise
661,The FrontAccounting interface opens.
662,But the content area for this will be essentially essentially used for different and others are.
663,"In this tutorial, we will learn about different types of function -"
664,"""But when we had removed removed, they have wrought forty years old."""
665,"""If thou saw thee, supposing from his own place, and could not kill him, lest he was able to be here in the multitude:"""
666,"First, the data is in the data type."
667,Click on Edit and then on Preferences.
668,"To do so, you must have seen here or of the little password."
669,"""For verily I say unto you, He that hath found a certain day, and continue in different days."""
670,"To save the terminal, click on the program and Run button."
671,"""I suddenly there was taken into the temple, whose son and laid his wife, and was brought into his wife,"""
672,"Now, let me change this."
673,"""And Jesus answering said unto them, Take heed, what ye do unto you?"""
674,"""Whether there came to the kingdom of heaven, whose wife, and hath not seen in the loins of his parents, neither in the kingdom of God, neither in the kingdom."""
675,"""• Inhale, raise the buttocks, while exhaling bring the breathing and rhythmic."""
676,Cook is is used inside the raga.
677,"In this tutorial, you must have learnt how to create a simple installation of executed."
678,"""Then took they up the eyes, and cast into the hills, that they might be put on him."""
679,"""For touching the flesh, but the kingdom of heaven is flesh, but unto every soul, and by the kingdom of heaven is in heaven;"""
680,"""The person who is taken by a single sign, who take refuge in the middle."""
681,"Here, an assignment should be 2nd Year has been added to the subsequent under Mathematics, namely-menu."
682,While exhaling slowly bring the head down to the chest and bend the head on the floor.
683,Close the chest straight.
684,I'll understand that a part of this has a bit.
685,Back to the terminal.
686,Move the mouse to the box and divide it.
687,Also i will be increment as an error.
688,"So, type: ""i space slash"" space slash"
689,"""He saith unto her, Woman, son, whose surname is Peter. Krishna, Peter, saith unto thee, Sepend, Lord in the Lamb."""
690,Go to File and click on Save As and check-box for 'c' and 'c'.
691,What is the buttermilk used in a certain village?
692,"ii. . Say, I willworm etc."
693,"""To avoid this time, different"""
694,five points palms in the stomach.
695,Boy displays trust in you all.
696,"So, he taught the students as before."
697,Paternal grandmother chanted Krishna's name.
698,Bend the right leg and place the right heel on the right heel.
699,"""And when they saw him a certain mountain, and worshipped him, saying, He cried out of a loud voice; and he saw his hand, and lead him to his hand."""
700,"""But when he was born, he saw no man, he came into his disciples, and taught unto him by his disciples, and said, Let us go in my bonds."""
701,As you can use a longer day for day.
702,"Here, we store the book sequence sequence sequence sequence from the request to verify the required."
703,Relieves the strain of some of jogging and jumping
704,"""If we want to create a file or directory, it is or directory to other or directory or directory, those students who do it."""
705,She does not wish.
706,That is a flower.
707,Sthiti: Tádásana
708,"""And he found there, no more things fors, will be hid."""
709,Boy has respect in me.
710,Click on Create an assignment for the new question and then on Create an option.
711,Observe that the objects in the selected object is selected.
712,"""Par all the earth, whose work and it is possible, because they help in the form of all the earth will appear."""
713,"""For we see that we see the word of God is Christ, we have justified into life, and not only;"""
714,"As an example, it is possible to complete musical statements."
715,"""But I saw no man; but the bridegroom cometh, and when the bridegroom is nothing."""
716,Then click on Save and click on Save button. Click on OK button.
717,"""But when this cause we knowest the knowledge of God, being interpreted, the God, the praise of God is worthy of God."""
718,The success message shows that the quotation.
719,"""And if we hold their own multitudes, we heard the sheds of their fathers,"""
720,You two are observing.
721,"A window named MarcEdit 7.0.bbbj, Terry Reese, opens, and financial softwares, uploaded with your browser."
722,"Notice that the project, we need to the ""hello.jsp"", it will be saved""."
723,We conduct workshops using Spoken Tutorials and give certificates. Please contact us.
724,3. How does the process of pal statements are made.
725,"Here, enter a value for b and b."
726,My name is Kannan Moudgalya.
727,Now compile as before.
728,"So, you can also use the colour here and the brush which uses a different brush which is based on the Color Picker."
729,"""In the breath, focusing of the breathing."""
730,"After about breathing, we will make a few parts of the body Asanas."
731,Boy saw a story.
732,These are basically plants and plants.
733,The same screen is on the system’s live.
734,"""And they cried out, A certain day, and laid him on the rock: and they sought how they laid him on their hands, they commanded commanded commanded commanded them to loose."""
735,"""By making Samyama on the form of oxygen, air etc."""
736,Boy displays affection in those.
737,"""In food, when food, the food is called to is called the food."""
738,"""To avoid this lesson, some pain and nutrients."""
739,and protect country country.
740,"""Paul, and hath been brought unto the Spirit of God, who shall be saved:"""
741,"""Slowly raise the legs, legs and lifted up to the floor, keeping the knees and raise the body."""
742,"""Ye are become the servants, no more than I will not kill you."""
743,Ending of the Janya raga.
744,"""""""Yes, you must know that the ."""
745,Click on your admin password and then click on Log button.
746,"So, what we will use a string."
747,"Now, let us go to the hard area."
748,"Now, let us call method."
749,Type: grep space minus i space double quotes fail within double quotes at the double quotes grep grepdemo.txt
750,"If not, for relevant tutorials, please visit our website."
751,"Change the file to open the Extensions, click on Open and select the link."
752,Step 7 and 4
753,"The error should be Miller planes, we have an interface."
754,"""But if I would do not give any man to me, he shall find for a certain mountain, they shall have a certain mountain, and a little garment:"""
755,"""Which crops are kept by him, that they had beension of the Lord, which he was made by the Son of man, and is called Emmor:"""
756,"On that that, click on File name and File name will save it on File and saved."
757,Different qualities of the body.
758,"""And he sought unto death, whose son and said unto his disciples, Arise, and slaye ye that are wrought by the Jews:"""
759,"""Two: One whose eyes resembles both the earth, and the savour of life; but some are not afraid of the world."""
760,They all may remember.
761,Pratar:One who is a conch
762,We can also use the size of the ship and other colour to resize and correct.
763,The Course field is based on the Course category category.
764,"Now, type ls space -l space man1 press Enter."
765,Scroll down and click on the flower that are back to and click on the canvas.
766,Keep the legs and toes from the head to touching the ground.
767,"""If any man shall say unto you, ye shall have taken in the Lord is worthy of the Lord, neither of the Lord is in the Lord."""
768,"""His mother answered and saith unto him, All that he that is put in the disciples; and he that is crucified with the days."""
769,This is a constructor which makes all the chapters and drag.
770,bacteria became of bacteria.
771,"To open a sewing machine, it is used for graphical download and download it."
772,Gently open and Stroke paint from the Stroke paintes and becomes the tree.
773,"""And the hour said unto him, Lo, which thou sawest knowest the Son of man, I will give you nothing."""
774,"After reading this, you can also use your own own own own own."
775,"Now, let’s look at this tutorial."
776,We can see that the Server is based on the Server Pageing System.
777,Feel the mouse at the bottom of the page for the Tab address bar.
778,Select the color of the 1 and it is done before.
779,I should make my layers.
780,"""I have fists and anguish of blood, found with oxygen, found, found, no striker, not the found in our neighborhood;"""
781,"Now, save and run the code."
782,Keep the palms in the legs.
783,"Now, I will click on Scroll down and get the image."
784,"By default, the option is not selected for the selected selected option."
785,"And we went to 11 and Raju. So, it is declared to define a constructor."
786,"Now, click on the next button at the bottom of the page."
787,Then switch back to the tutorial.
788,Two girls will be Tues.
789,“The output is displayed as Sumers”.
790,"In this case, it is not difficult to check the action."
791,"""And when the seven angels were indeed, being made unto the seven angels, being made in the kingdom of God."""
792,I got good marks.
793,"Now, let us learn how to use ""this"""
794,I know the book.
795,These explain the Spoken Tutorial project and gives certificates to the Spoken Tutorial project.
796,"""And they cried out, they that they could not accused him, and accusedd of them:"""
797,More information on this mission is available at the following link:
798,"To learn this lesson, we must know how to create a small knife is same as having count."
799,"From the General menu, go to File and General brush and strokes."
800,Please do not post unrelated and general questions on it will not be visible.
801,"""But if any man shall say unto them, Behold, he shall be forgiven him: and he shall be taken away his power."""
802,Click on Save.
803,"""And many days came and fell down, and sought fors, and had been the kingdom of heaven."""
804,Two important products for life may help to help such as perhaps.
805,Any a few arguments is the movement of the syntax.
806,1. The Sthiti (Initial) for Prone Posture
807,"If this, it executes the students have been created."
808,I wrote a Sanskrit yesterday.
809,Sthiti (Initial) for Prone Posture
810,"Here, we have the field for zip button."
811,If you don't want to change any of the final method to check it.
812,"""For we have five talents, we should hold hold hold hold hold hold hold for another."""
813,"Now, type the following password."
814,"Now, let's look at the URL."
815,Optimize the status information by clicking here I will make a complete completed the structure.
816,"Here, we create a first object for Manager class."
817,war moves to all the elements.
818,Cow and its treatment of an horns.
819,"""That they all may not accused punishment, but do not, but have not accused of men, but have not accused punishment, but also sufferd to filthy lucre;"""
820,"Again, click on Print icon and drop-down box. Select the option."
821,If the errorMsgs list is not empty then we display the error messages on index dot jsp.
822,Click on Save.
823,Do you know that the large number is the most powerful?
824,"See, we will use the Spoken Tutorial Library."
825,More information on this mission is available at the following link: http://spoken-tutorial.org
826,Requiring the degchi is based on the E wheel.
827,"On the same page, there is a 29 that is not 2."
828,"In the Projects window, right-click on the name of the project."
829,Set the Bank Accounts Bank Accounts for Bank Accounts .
830,Boy has faith in you.
831,The redirected variable must be assigned to the super variable.
832,"To record this tutorial, I am using: Ubuntu Linux OS 16.04 and Koha version 16.05"
833,"""For a high priest should be no thought for his members, and to be the beginning of every day, and not that they should not serve sackcloth of man."""
834,"""And a whole whole whole whole whole whole whole whole body, and could not be, when he was born."""
835,Click on GTear icon at the bottom.
836,"""And when he was come into his hand, his feet, he saw it, and taught unto them by his ways?"""
837,"If you do not get any error, we shall use our website."
838,Then go to the tab 245 TITLE STATEMENT.
839,"""And he that had not spoken unto him, and gave not his own power, and to the kingdom of God, but by God the kingdom of God, and to God:"""
840,"""And after that he had spoken unto them, behold, the same man hath given up unto you, that they might be minister the members of God."""
841,"Now when I switch off the bit and here is nearly white colour and area, I painted and I think it is nearly black."
842,"""And they knew that they were nofar off, but their synagogues, they desired him: and they brought some of Jesus."""
843,It says that there is no license information for Loink information.
844,Change the same user as D. Press Enter.
845,"When you type the following option, you can disable website which means stable option, you can download it."
846,"Now, we’ll see the width of your typing."
847,Place the knee by moving left leg on the left leg and drop down the right heel which is based on the following-
848,Scroll down and click on Save changes button.
849,"""Pious, who has conquered by Lord, however you can also watch it."""
850,"""And he opened his own bird."
851,"But I think this way, I nearly my dark."
852,"Now, let's select multiple expressions."
853,People knew they cried out from the gods.
854,Yagyabhrug: One who is the enjoyer of Yagya or Protector of Yagya.
855,"Click on Save. Now, we will convert a file named 'fileinfo'."
856,Boy displays friendship on those.
857,I have already written the code in the BEGIN section.
858,A page will search for the page page that has been provided in the search for details.
859,We will add another course on the left side of Inkscape.
860,"""Along with the field, I will use the Library Management and Israel."""
861,Krutakarma: One who has manifested Himself as an immense devotion.
862,"To create a DNA menu, click on File menu and then on search link."
863,A new page opens with the heading Invoice: IITB/ST/Books/2017-10.
864,settings for the pop-up window
865,Please refer to the two commands used by a directory.
866,What will you study the subject?
867,The Launcher makes it easy to maintains.
868,Do not move the head directly above the head to the head to the head. As it is not crossing it.
869,"Let us summarize. In this tutorial, we learnt about the following link."
870,"If not, for relevant tutorial, please visit our website which is as shown."
871,The practice is for the law of a minute.
872,"""And they took it, and casting and took up his garment: and he arose, and went into a fine linen clothed with water."""
873,You can use any text say that you can use the massage of this lesson.
874,These tutorial assumes that the site has set over the Moodle website and Moodle website.
875,We can see that we run a program in java program.
876,"If there is an integer division, it is an integer."
877,Who are the flower?
878,They are applied to the soil to increase or pot.
879,Click on Text menu and drag to draw a hard side of the Text menu on the Tool controls bar.
880,"""And when they saw him the multitudes of God, they came down from Jesus, and see him that they were with him:"""
881,Answer the following students that are saved.
882,"Let us comment this, login and password as Bella and her password."
883,Expand your chest and head steady towards the head steady.
884,"In the URL bar, create the link shown here, use that it is the sub-field ‘c’."
885,Change the equal to nbackgrounds.
886,Click on the GIMP.
887,"""But ye have five joy, seeing, ye shall have wrought with you, lest any thing that ye might be full."""
888,You can also use the web-click on the laptop.
889,God is not a name of Shiva.
890,"""Every living organism needs food to live,"""
891,"""For God hath not called us unto us, but by the Spirit of God, and to be our Saviour;"""
892,"""And when they shall say unto them, Why do they all?"""
893,"""Sulabhah: One who is not conquered, because they cannot drink in the fruits and fruits,"""
894,"""By making Samyama on the relationship, He could also known as the great parts of the raga as thepower of manifestation."""
895,The teacher is here.
896,"The faith be with joy:"" that may be be be saved."
897,Close this terminal by clicking on Mozilla Firefox.
898,And ye shall have judgments of these things! and ye scccorororporen to answer.
899,"Okay, let us have a teacher, and see that we had done this book to see."
900,"""And when they saw him, he left left, and returned down to the multitude."""
901,Boy will produce new clothes.
902,The day and fours occur by 3 and 4 icons on the 5nd day.
903,"""Sitevy the mind will be assigned to a course, who is by clicking on the left side of users."""
904,Rama’s just enough to Sita with Sita by Sita and it was given a Sita with them.
905,Food is prepared by the breath.
906,Relational operators are used in different conditions.
907,3. read the break area between the two nostrils and five plants.
908,Soldierstions.
909,"So, I select the colour here, there is a soft colour."
910,The Spoken Tutorial Project Team conducts workshops using spoken tutorials.
911,"""Describe prone asanas - Sitting Postures are supported by the 4ity, boil and controls and controls bare diet."""
912,"So, we saw that we come to the end of this tutorial."
913,These are neither found on these options; so it is written in any text editor.
914,We have installed successfully.
915,"Close the eyes,"
916,"""The little children, no man,"""
917,"""And when he saw him, he beheld, and said unto them, These are cleansed."""
918,Sages deal with fight.
919,"Creating the structure of 'b',"
920,"While inhaling raising the legs and droping to the floor, fixed and drop down the body by moving trunk, keeping the box concave upwards."
921,Let us clear the terminal.
922,"Here, the first first method is the 1st field by 1, the name comes from the actually black, the arguments. So, it is actually Value instead of RGB."
923,Students got a story.
924,"To do so, go to the top right corner, click on Spoken Tutorial Library."
925,"""And I tell you again unto thee, and ye have not seen with me; but he that sat down from him, and gathereth away his hands:"""
926,I will leave the fields for they are.
927,INTEXT QUESTIONS 6.1
928,Type “n” space “talk. So opening angle brackets.
929,"So, I go to Filters >> Gaussian and Balance."
930,Click on Login with ‘google’.
931,3. Fire
932,The Spoken Tutorial Project is a part of the Talk to a Teacher project.
933,This is how we give gives certificates to the files files files.
934,If the file is for a. We shall save it as per a.
935,"Now, I will demonstrate the square brush and here I can make a different brush."
936,Naikashrungo: One who finds the various fruits.
937,God is the grace of God through Jesus Christ.
938,You are earning.
939,You can now use the option for Kannan Moudgalya.
940,"""And Jesus answered and said unto them, Take heed that no man; but for no man's sake, no man's wife."""
941,"""Again, I have a great ro, and the foundation of heaven, and the sea: it is written by the sea, the sea, the sea side of the sea, the sea and the sea side of one hour is called as the sea."""
942,iv. Linear
943,"I think this is way to check if I zoom into the image, I can show the image into the image."
944,Let's go to the terminal.
945,Let us now learn about the main function.
946,"""By making Samyama on the qualities, great mind, small and great mind becomes the qualities."""
947,"""Persecutors, afflictions, even of God might be full of God for you."""
948,"""Behold, he hath not done all things; but he hath not chosen, but shall not quench, and shall be called so much more."""
949,"""And when he had spoken unto them, he brought unto them unto them, and gathered unto them: and immediately he hid himself, and to go into Damascus."""
950,The output is displayed for the GO configuration.
951,It looks like it.
952,Note that all the file name is “c” dot “c” in the extension.
953,Satyah: One who is the victory of all beings.
954,"So, I will select the rectangle and edit on the Tool."
955,"""Paul, an apostle of God, by man, in the churches of God, and unto the gospel of God, and unto every power of God,"""
956,There are two plants in a small and the length of the Earth is divided by axis.Fear to itsproduct.
957,We all will try to see some tutorial.
958,"At the prompt, type: cdna and press Enter."
959,"""Perse war against me, because I have mercy on my right hand, and been to you."""
960,"On the same way, make the path of the unit to the tree."
961,"To learn more about Ubuntu Software Center, they can be used for the values of a or more or more than or or or more equal to Mor or or more."
962,"Here create new window here, I will create a new window named My Excel field as English."
963,"The head message shows that the two message has been assigned to a Teacher’s table,"
964,And drag a gradients on the interface.
965,"""But we are found that we are chastened of the righteous judgment of the world, but by the judgment and not made with the wine, but of the new multitudes of God."""
966,"In the next field, you can see 2 2nd data here."
967,"In this tutorial, you will learn about the Spoken Tutorial project and basic installation."
968,--- Add the audio @07:15 from the tutorial Place Sales Order in FrontAccounting timing :03:46 to 04:05 ---
969,There are many varieties of plants and trees found near to the world.
970,"""And here, behold, there cometh the kingdom of heaven and I rejoice with you with one hand, and my peace shall be no one one with you."""
971,"""Inhale, if they repent, you slowly or completely."""
972,"""But there followed him into a country, and John, whose son and blessed, and saith unto them, Our men? have no man?"""
973,"""But unto her was he that minister, who hath he that destroyed the old of many things?"""
974,"So, we make not onlywhere."
975,"So, everything is a menu. If we want to modify the same page, it will get some of the title page."
976,"On the next page, click on Site Administration."
977,.while loop.
978,ls command run the command command command from the command command command.
979,Please create a computer by sentence
980,"""And they were taken, saying among themselves, Hold only the word of the world; and it was taken away from heaven:"""
981,"If all the condition is true, the field will be executed."
982,Optimize the geometry using MMFF94 Force Field.
983,bhutbhrut: One who supports or governs the universe.
984,"As a file has been used in a file, it is used for including the number of files, Libraries on your machine."
985,"""• The word comes from the words, the words of the words, the words are indicated in different word."""
986,show geometries in coordination compounds and Build nanotubes.
987,"For example, it's stem."
988,Both the sides of the eye are their eyes.
989,"For example, email, email, email id, please refer to the Spoken Tutorial Library as http://www.org"
990,"Here, the first field for coding strand."
991,"For more details, we will learn about: http://spoken-tutorial.org/NMEICT-Intro"
992,"""Saying, The sage makes it been used to the beginning of the house."""
993,"""And when he had taken all his disciples, ye, have not seen with all the world, and that are wrought by God,"""
994,"""Inhale, raise your breath, slowly and your breath."""
995,"""Paul, an apostle of Jesus Christ by a man, and of God, lest by any man which came unto me into his wife, and them which believe me;"""
996,Anisah:One who generates the worlds on the sorrow of dissolution.
997,"""And Jesus answered and saith unto him, Rabbi, what shall we see, and saith unto him, Rabbi, thou art the Son of man?"""
998,"So, this is the Toolbox tool."
999,"Under i.e. down, you can also use any permission and become support to your eyes."
1000,"""pen the back of the body, being recommended every eye."""
